nome,cognome,data,comune,sesso
Raffaella,Pellegrino,27/11/1939,Colverde,F
Ottavio,Grasso,18/5/2009,Inverso Pinasca,M
katia,Giuliani,14/11/1968,Pietra de' Giorgi,F
Benito,Conti,15/12/1932,Ischitella,M
Silvia,Vitale,20/7/1998,Castelgomberto,F
Loredana,Ferrari,12/5/2007,Olmedo,F
Sabrina,Conti,18/6/1999,Liberi,F
Valentina,Conti,26/3/1979,Bornasco,F
Lino,Rossetti,4/8/1943,Pinzolo,M
Valter,D'angelo,5/6/1989,Illasi,M
Isabella,Farina,11/3/1953,Sessano del Molise,F
Linda,Russo,14/10/1997,Airuno,F
Gerlanda,Messina,2/5/2013,Caporciano,F
Valeria,Mariani,18/10/1938,Rio,F
Viliberto,Ferretti,2/6/2011,Santa Cesarea Terme,M
Rosella,Barbieri,2/10/1983,Roio del Sangro,F
Paride,Rinaldi,26/12/1933,Bolzano Vicentino,M
Luisa,Romano,13/11/1976,Buonalbergo,F
Leandro,Mazza,18/9/1924,Torre Santa Susanna,M
Dante,Vitali,7/3/1985,Altavilla Silentina,M
Silvio,Ruggiero,20/5/2009,Lecce nei Marsi,M
Piera,Giuliani,14/9/1961,Cavallino-Treporti,F
Luciana,Donati,4/8/1944,Bedizzole,F
Raffaella,Sanna,22/1/1943,Rovolon,F
Anita,Russo,28/9/1920,Polistena,F
Oscar,Milani,13/7/1951,Cesano Maderno,M
Laura,Cattaneo,13/5/1958,Torre di Ruggiero,F
Stefania,Bellini,21/8/2005,Ceriana,F
katia,Vitali,4/6/1922,San Martino Sannita,F
Noemi,Esposito,28/7/1938,Canosa Sannita,F
Ottavio,Grassi,8/11/1963,San Pietro in Lama,M
Oscar,Martini,5/3/1971,Ortucchio,M
Dina,Rossi,16/7/2020,Casnigo,F
Alice,Mariani,16/11/1933,Asuni,F
Marzia,Valentini,8/1/1947,Avella,F
Ivano,Cattaneo,27/10/1991,Casaluce,M
Gabriella,Amato,1/1/2012,Barletta,F
Luigi,Rossetti,2/7/1984,Orvieto,M
Eva,Montanari,18/8/2014,Larino,F
Cesare,Villa,15/7/1972,Bomporto,M
Narciso,Vitale,7/8/1951,Roccalbegna,M
Zenone,Ruggiero,19/4/1941,Carro,M
Maria,Riva,15/2/1965,Santo Stefano Lodigiano,F
Angela,Lombardo,11/7/1922,Rodano,F
Romolo,Palmieri,7/7/1984,Pieve di Cento,M
Oliviero,De Rosa,5/7/1976,Monte Romano,M
Debora,Palmieri,7/8/1942,Gavignano,F
Angela,Valentini,25/3/1957,Barrali,F
Fabiano,Caputo,5/5/1982,Cervara di Roma,M
Marcella,Villa,13/6/2011,Cremolino,F
Ketty,Messina,8/10/1993,Binago,F
Clara,Vitale,3/7/1973,Botricello,F
Evelyn,Donati,10/4/1982,Montanaso Lombardo,F
Zetico,Donati,21/3/1948,Montegabbione,M
Corrado,Santoro,18/4/1963,Seminara,M
Calogera,Mancini,13/9/1994,Carmagnola,F
Ultimo,Carbone,14/5/1994,Cuggiono,M
Teresa,Rossi,23/8/1964,Sparanise,F
Federica,Lombardi,16/2/1955,Grottazzolina,F
Salvatrice,Bellini,10/3/2015,Grontardo,F
Denise,Rossetti,8/2/1939,Gonars,F
Lucio,Guerra,25/8/1940,Sigillo,M
Felice,Amato,14/9/1949,Sordevolo,M
Orazio,Mancini,25/1/1962,Azzano San Paolo,M
Gemma,Sorrentino,23/11/1993,Sorbo Serpico,F
Luisa,Costa,28/10/1986,Monteleone Rocca Doria,F
Fabio,Riva,1/3/1944,Baragiano,M
Danilo,Carbone,13/8/1951,Robbio,M
Casimiro,Montanari,14/8/2002,Aldeno,M
Ulrico,Rizzo,11/7/1998,Losine,M
Tarso,Santoro,7/12/1991,Tavagnacco,M
Zetico,D'amico,4/8/1930,Tagliacozzo,M
Oscar,Santoro,26/7/1948,Talamello,M
Bartolo,Testa,14/6/1986,Rorà,M
Diego,Neri,8/11/1963,San Sebastiano al Vesuvio,M
Clarissa,Orlando,28/2/2008,Monte Marenzo,F
Ulrico,Fabbri,6/11/1953,Teana,M
Ultimo,Riva,5/1/1928,Averara,M
Serena,Vitali,1/7/2017,Pontoglio,F
Isabella,Palumbo,21/7/1998,Mezzana Bigli,F
Virone,Romano,19/1/1970,Rivarolo Canavese,M
Silvana,Gatti,3/10/2015,Mombercelli,F
Fortunato,Milani,16/9/2004,Breme,M
Ennio,De Santis,20/2/1957,Olgiate Olona,M
Marcella,Mariani,10/2/2000,Viano,F
Serena,Moretti,7/9/1995,Vallermosa,F
Clara,Giordano,27/8/2010,Camaiore,F
Elio,Palmieri,28/8/1962,Selva di Progno,M
Gabriella,Sartori,27/8/1992,Tresana,F
Ugo,Testa,27/4/1950,Bertinoro,M
Emilia,Romano,26/3/1969,Castello di Brianza,F
Francesco,Bruno,16/3/1942,Sarmede,M
Lucia,Lombardo,6/5/1957,Casalbordino,F
Giuseppina,Bellini,1/9/1927,Basciano,F
Agnese,Martinelli,17/10/1970,Buttrio,F
Pierluigi,Conti,10/6/1991,Marcon,M
Flavia,Marini,21/1/1985,Petruro Irpino,F
Pasquale,Parisi,7/1/2007,Cortazzone,M
Giulio,Neri,19/8/1969,Carisolo,M
Leandro,Bellini,27/3/1935,Bonate Sopra,M
Tiziano,Rinaldi,22/2/1924,Scurzolengo,M
Valentina,Russo,28/6/1981,Longobardi,F
Simona,Montanari,15/2/1987,Amelia,F
Italo,Ruggiero,19/7/1922,Rocca Pietore,M
Fiorella,Ruggiero,9/2/1957,Lugagnano Val d'Arda,F
Salvo,Farina,27/10/1938,Laveno-Mombello,M
Romolo,Vitale,9/5/1924,Magenta,M
Serena,Serra,21/8/1958,Sasso di Castalda,F
Laura,Ferrari,21/9/1976,Baldissero Torinese,F
Leandro,Esposito,27/11/1968,Pontida,M
Isabella,Sorrentino,12/5/1979,Sorrento,F
Pippo,Vitale,3/8/1940,Norma,M
Urbano,Costantini,1/8/2014,Casina,M
Patrizia,Monti,17/12/1978,Conza della Campania,F
Elisa,Esposito,11/8/1922,Sant'Agata di Militello,F
Lea,Rossetti,10/4/1992,Montebello Jonico,F
Marisa,Barbieri,17/11/1933,Paroldo,F
Iolanda,De Luca,6/9/1994,Badia Pavese,F
Clarissa,Greco,26/10/1962,Maserada sul Piave,F
Zeno,Mancini,7/10/1963,Melito di Porto Salvo,M
Valter,Costa,7/5/1920,Maruggio,M
Elena,Palmieri,9/6/1947,Pettorano sul Gizio,F
Silvana,Ferri,16/9/1935,Darfo Boario Terme,F
Cinzia,Romano,5/4/1953,Camisano Vicentino,F
Sebastiano,Mariani,13/11/1965,Ello,M
Uberto,Costantini,17/11/1924,Serrara Fontana,M
Alessandro,Costantini,7/8/1933,Olevano sul Tusciano,M
Benito,Moretti,2/1/1936,Lonate Pozzolo,M
Rosella,Fontana,19/9/1945,Alessano,F
Ada,Longo,3/7/1985,Grammichele,F
Felice,Romano,15/11/1945,Castro,M
Leo,Rossetti,24/1/2005,Ravenna,M
Alfonso,Barbieri,16/3/2016,Casali del Manco,M
Giovanni,Sala,11/2/1977,Piverone,M
Domenica,De Rosa,18/1/1934,Agrate Conturbia,F
Virone,Lombardi,10/3/2003,Morolo,M
Agnese,Conte,15/2/2020,Inverso Pinasca,F
Italo,Cattaneo,4/11/1974,Meduna di Livenza,M
Emiliano,D'angelo,18/6/1986,Quarto,M
Mara,Rizzi,26/12/1976,Montevarchi,F
Adelaide,Serra,7/2/1955,Tolve,F
Michele,Palumbo,14/1/2017,Cerreto d'Esi,M
Barbara,D'amico,7/4/1990,Castel di Iudica,F
Dina,Messina,21/4/1981,Villanova Monteleone,F
Casimiro,Piras,28/5/1997,Savoca,M
Zenobio,D'angelo,10/6/2001,Peschiera Borromeo,M
Carmen,Grasso,18/1/1996,Pinasca,F
Carmelo,Longo,24/7/1925,Lonate Pozzolo,M
Laura,Palumbo,18/9/1931,Vacri,F
Raimondo,Carbone,20/6/1941,Taurianova,M
Giorgia,Ferretti,20/3/2006,Gimigliano,F
Angela,Villa,24/6/1995,Russi,F
Tullio,Pellegrino,21/12/1931,Borghetto di Borbera,M
Mara,Moretti,21/11/1990,Lattarico,F
Nico,Vitali,15/1/1965,Vitulano,M
Casimiro,Lombardi,16/11/1997,Cadelbosco di Sopra,M
Iside,Piras,19/7/1986,Ferriere,M
Anna,Bellini,20/1/1960,Casorezzo,F
Renzo,Giordano,1/10/2006,Martignacco,M
Dorotea,Amato,21/2/1945,Zimone,F
Pietro,Gentile,3/2/2012,Mascalucia,M
Tarso,Milani,5/10/1995,Acquappesa,M
Gabriele,Basile,14/10/1958,Roccantica,M
Flavia,Conte,6/2/1983,Conselve,F
Aurora,Sanna,18/4/1926,Malgesso,F
Omar,Gallo,19/9/1983,Cassino,M
Ida,Rinaldi,10/6/1990,Micigliano,F
Lucia,Giordano,6/7/1961,Angera,F
Giuseppe,Palmieri,12/5/2018,Castiglione d'Orcia,M
Pamela,Milani,15/9/1931,Montelanico,F
Patrizio,Giuliani,4/10/1979,Fallo,M
Antonella,Orlando,14/10/1958,Urzulei,F
Sabrina,Damico,18/11/1950,Comiziano,F
Antonella,Milani,5/10/1934,Muscoline,F
Tea,Sanna,13/9/1990,Carife,F
Corrado,Donati,20/6/1956,Montedinove,M
Antonella,Sala,2/2/2019,Sorgono,F
Silvia,Ricci,2/11/1966,Villeneuve,F
Pietro,Leone,24/6/1953,Bisegna,M
Angela,De Angelis,11/11/1996,Melfi,F
Sabrina,Milani,28/5/1940,Schiavon,F
Lucio,Greco,14/11/1995,Imbersago,M
Sabrina,Leone,1/12/1973,Medea,F
Virone,Rinaldi,13/2/1988,Calvi,M
Pamela,Barbieri,21/1/1949,Brunello,F
Amelia,Coppola,11/4/2010,Vinadio,F
Anna,Martinelli,28/7/1935,Vitulano,F
katia,Giordano,11/5/1994,Cervaro,F
Urbano,Morelli,9/8/1940,Lamporo,M
Cristina,Orlando,17/4/1932,Corfinio,F
Virone,Russo,3/11/1967,Cortona,M
Paola,Ricci,22/10/1920,Borgomaro,F
Alessia,Bruno,18/4/1989,Misano Adriatico,F
Valeria,Gentile,27/2/1936,San Giovanni al Natisone,F
Vittorio,Costantini,11/6/2011,Villa San Giovanni,M
Nicola,Grasso,23/8/1985,Spinadesco,M
Carola,Marino,3/8/2017,Bassano Bresciano,F
Alice,Marino,11/1/1922,Torretta,F
Clelia,Parisi,12/8/2020,Farra d'Isonzo,F
Claudia,Rizzo,24/12/1998,Cavezzo,F
Renzo,Santoro,14/12/1998,Cossignano,M
Giulio,Giuliani,5/11/2015,Cerreto d'Asti,M
Angelica,Palumbo,16/4/2015,Graniti,F
Gerlando,Caputo,7/6/1956,Borgo di Terzo,M
Omar,Caputo,13/5/2006,Santa Maria del Molise,M
Giuseppe,Basile,18/6/1977,Roccavione,M
Caterina,Grassi,3/9/1990,Monticello Brianza,F
Velio,Barone,20/4/1961,Paglieta,M
Noemi,De Angelis,13/10/1956,Pizzo,F
Gaia,Pagano,22/9/1933,Maglie,F
Sofia,Grasso,4/12/1945,Sassano,F
Silvio,Santoro,3/3/1999,Ozieri,M
Eliseo,Sartori,17/7/1991,Coreglia Ligure,M
Zabedeo,Serra,16/8/2017,Martinengo,M
Clelia,Bellini,25/8/1920,Vaiano Cremasco,F
Valentina,Bianco,21/5/1936,Galliate Lombardo,F
Vincenzo,Leone,21/1/1967,Coli,M
Martina,Giordano,28/6/1969,Pavarolo,F
Nazario,Orlando,28/6/1968,Mistretta,M
Angelica,Ferrari,7/3/1996,Salisano,F
Pio,Fontana,7/9/2019,Maranello,M
Fedele,Coppola,11/8/1987,Guilmi,M
Evelyn,Carbone,9/4/2013,Cossano Belbo,F
Amelia,Giuliani,15/5/2008,Visone,F
Emilia,Costa,11/6/1993,Cerreto Laziale,F
Rosella,Testa,13/12/1979,Villa Cortese,F
Francesca,Pellegrini,18/3/1958,Vigano San Martino,F
Maria,Donati,4/1/2003,Alimena,F
Luigi,Greco,20/1/1979,Dolcè,M
Pasquale,Esposito,25/8/1999,Zoppola,M
Prisco,Grasso,11/7/1984,Cori,M
Cinzia,Giordano,7/5/1984,Villa Latina,F
Clelia,De Santis,7/11/2011,Lambrugo,F
Gaetano,Mazza,26/5/1991,Pontinia,M
Anita,Fontana,27/1/1965,Corzano,F
Lucio,Pagano,6/3/1990,Belforte Monferrato,M
Enzo,Conte,28/11/1977,Sarmato,M
Laura,Basile,20/12/1965,Dolianova,F
Alfio,Orlando,7/11/1931,Troia,M
Angela,Ruggiero,6/7/1928,Grosseto,F
Maria,Palumbo,22/1/1971,Corbara,F
Marzia,Rossetti,28/3/1933,Comano Terme,F
Fortunato,Rossi,16/7/1945,Fiumara,M
Ultimo,Conti,27/11/1942,Sassello,M
Cinzia,Coppola,26/6/1933,Bisegna,F
Cosimo,Valentini,11/5/2001,Masone,M
Claudio,Marchetti,16/4/1932,Trinità,M
Giovannna,Conte,5/5/1993,Antrona Schieranco,F
Pamela,Russo,2/3/2013,Fiumara,F
Dorotea,Silvestri,18/5/1922,Pieve Ligure,F
Iside,Vitale,26/6/2005,Vercana,M
Adelaide,Caruso,8/8/1971,Casalmoro,F
Beatrice,Vitali,1/3/1990,San Pietro di Caridà,F
Alfio,Mariani,16/10/1984,Bellusco,M
Omero,Benedetti,4/2/1928,Schiavon,M
Lorenzo,Vitali,12/8/1950,Terruggia,M
Savino,Lombardo,15/1/1959,Vazzola,M
Oscar,Carbone,17/5/2015,Monteu da Po,M
Emanuele,Fabbri,28/5/2015,Scurcola Marsicana,M
Alessio,Mariani,25/3/1968,Rivalba,M
Lorena,Fabbri,18/5/1980,Tuscania,F
Stefania,Costa,13/5/1944,Pietramelara,F
Savino,Russo,19/4/1974,Guamaggiore,M
Emanuele,De Luca,6/5/1945,Ruvo di Puglia,M
Cristina,Sartori,16/12/1931,Bodio Lomnago,F
Claudia,Lombardi,1/4/1977,Pazzano,F
Floriana,Ferrara,1/12/1927,Corchiano,F
Maria,Monti,9/9/1930,Castel di Lucio,F
Zenone,Gatti,22/2/1980,Pavarolo,M
Iside,Sala,15/10/2011,Platì,F
Oliviero,Rossi,5/1/1996,Montenars,M
Onofrio,De Luca,7/10/1975,Scala Coeli,M
Tiziano,Valentini,18/7/1989,Pietracamela,M
Oliviero,Grassi,13/6/1945,Berzano di Tortona,M
Greta,D'amico,14/12/1956,Gaiola,F
Federica,Palmieri,11/9/1970,Biancavilla,F
Corinna,Morelli,11/11/1946,Basaluzzo,F
Cristina,Farina,22/2/1966,Lovero,F
Valter,Barbieri,22/6/1973,Frinco,M
Alessio,Rinaldi,25/9/1937,Santa Maria Nuova,M
Alice,Villa,6/4/2008,Pognana Lario,F
Marisa,Montanari,3/3/1940,Bagnolo del Salento,F
Zenobio,Gatti,9/3/2004,Vivaro,M
Lia,Valentini,11/1/1995,Entratico,F
Loris,Lombardo,19/8/1983,Belvedere Marittimo,M
Piera,Russo,19/7/2009,Cerva,F
Zenone,Vitali,5/12/2003,Veduggio con Colzano,M
Orazio,Romano,22/3/1944,Rosta,M
Mattia,Fabbri,2/2/1951,Moraro,M
Nazario,Grassi,1/2/1928,Blello,M
Egidio,Ricci,21/12/1921,Garbagnate Monastero,M
Savino,Galli,19/2/1994,Castelnuovo di Ceva,M
Silvio,Grassi,18/2/1975,Cassina Rizzardi,M
Simona,Costa,28/7/1997,Potenza,F
Salvatrice,Gallo,12/1/1991,Pretoro,F
Emiliano,Ferrari,28/10/1929,Laigueglia,M
Giovannna,Farina,19/8/2019,Cassinasco,F
Giuseppe,Milani,21/3/1977,Vedano al Lambro,M
Alfonso,Mazza,12/12/1947,Cortina d'Ampezzo,M
Alessia,Neri,10/3/2011,Gerenzano,F
Barbara,Amato,6/10/2000,Erba,F
Claudia,Greco,8/7/1973,Ferruzzano,F
Ursino,Damico,19/2/1982,Segusino,M
Ennio,Costa,6/6/1961,Melendugno,M
Teresa,Greco,19/8/2002,Guidonia Montecelio,F
katia,Ferri,4/12/1973,Marcheno,F
Zenobio,Martini,9/5/1986,Valgoglio,M
Regina,Galli,1/4/1949,Borrello,F
Fausto,Bellini,27/9/1969,Lissone,M
Fabiola,Montanari,17/2/2006,Minucciano,F
Anna,Martinelli,4/6/1955,Stigliano,F
Silvia,Colombo,26/2/1996,Burgos,F
Clarissa,Gallo,12/3/1985,Rosignano Marittimo,F
Sandro,De Angelis,7/7/1982,Borgo Velino,M
Noemi,Bruno,16/5/1983,Lascari,F
Dorotea,D'amico,28/8/1992,Baveno,F
Emilia,Bruno,28/9/1952,Oppido Mamertina,F
Michele,Fiore,25/7/1996,Cittareale,M
katia,Martino,4/6/2011,Vinovo,F
Silvia,De Luca,5/10/1957,Gaggi,F
Giuseppina,Sala,5/12/1971,Pontremoli,F
Gerlanda,Guerra,22/12/1999,Palazzo Canavese,F
Tiziana,Villa,2/10/1980,Irgoli,F
Sofia,Amato,1/2/1929,Mornago,F
Mario,De Rosa,14/6/1948,Giugliano in Campania,M
Aurora,Caruso,23/3/1981,San Vito di Fagagna,F
Eva,Riva,23/7/1955,Merana,F
Patrizia,Basile,28/6/2010,Pecetto di Valenza,F
Adelaide,Mancini,9/5/1945,Cerea,F
Zeno,Grassi,8/9/1991,San Gregorio Matese,M
Lucia,De Santis,11/12/1977,Adrara San Martino,F
Gerlanda,De Angelis,12/4/1947,Craco,F
Alessandra,Conti,3/5/1980,Biccari,F
Salvo,Costa,28/5/1982,Spezzano della Sila,M
Debora,Palumbo,17/1/1956,Grosotto,F
Lucia,Neri,20/12/1960,Botrugno,F
Marzia,Esposito,27/7/1929,Spigno Saturnia,F
Tarso,Rizzi,11/12/1933,Teglio Veneto,M
Beatrice,Villa,20/6/1963,Gressoney-La-Trinité,F
Cristina,De Angelis,18/10/1923,Binasco,F
Manuele,Costantini,12/6/2000,Abriola,M
Teogene,Ricci,10/12/2001,Voltido,M
Angelica,Rinaldi,12/1/1969,Cariati,F
Massimo,Martini,16/3/1933,Lavarone,M
Giulia,Basile,25/4/1943,Cento,F
Letizia,Costa,26/2/2003,San Giovanni in Croce,F
Raffaella,Sorrentino,14/1/1963,Aquila d'Arroscia,F
Enrico,Silvestri,15/11/1951,Carpeneto,M
Clara,Fiore,25/6/1953,Montelabbate,F
Carlotta,Conti,4/3/2003,Limatola,F
Uranio,Pellegrini,2/1/1945,Campodenno,M
Iacopo,Bianco,17/3/1971,Sommatino,M
Ornella,Testa,25/8/1960,Torresina,F
Valter,Neri,5/6/1946,Castiglione a Casauria,M
Vittorio,Gentile,12/6/2017,Campogalliano,M
Marcello,Milani,1/12/1998,Caneva,M
Zaccaria,Sanna,26/8/1975,Dipignano,M
Barbara,Barone,11/4/1922,Orero,F
Anita,Longo,21/2/1963,San Giorgio di Nogaro,F
Gabriella,Caruso,10/3/2012,Noci,F
Mattia,D'angelo,27/2/1929,Moretta,M
Tiziano,Grasso,27/10/1984,San Pietro al Natisone,M
Silvana,Longo,20/7/1947,Placanica,F
Carola,De Angelis,21/5/1943,Almese,F
Marisa,Mazza,10/3/1925,Erli,F
Concetta,Sorrentino,26/4/2013,Castrignano de' Greci,F
Zeno,De Santis,26/3/1989,Basiliano,M
Baldo,Bruno,16/5/2007,Gragnano,M
Virone,Mazza,26/11/1985,Roccaverano,M
Ugo,Longo,6/1/1990,San Sostene,M
Letizia,Martinelli,14/8/2010,Molinella,F
Italo,De Luca,5/4/2002,Burgio,M
Federica,Bianchi,1/12/1920,Caiolo,F
Iolanda,Costa,6/7/1994,Borriana,F
Tea,Orlando,1/10/1978,Postalesio,F
Cesare,Vitale,15/2/2017,Civitella Casanova,M
Giuseppina,Marini,10/1/1990,Nociglia,F
Tito,Basile,20/11/1926,Carpineti,M
katia,Vitali,24/3/1997,Cervarese Santa Croce,F
Osvaldo,Moretti,22/3/1974,Serramezzana,M
Claudia,Pellegrino,23/5/1994,Rubano,F
Zabedeo,Amato,15/12/1920,Erula,M
Flavia,Riva,19/9/1961,Civitanova Marche,F
Riccardo,Silvestri,23/12/1978,Vermezzo con Zelo,M
Alessandro,Santoro,14/2/1988,Vedelago,M
Livio,Esposito,24/12/1996,Borgo Virgilio,M
Anna,Ricci,26/7/2013,Medesano,F
Carola,Ferrari,15/6/2018,San Giorgio Bigarello,F
Alessandra,Fabbri,7/5/2001,San Mauro la Bruca,F
Emilia,Pellegrini,6/11/2006,Camigliano,F
Pasquale,Pellegrino,7/9/1957,Arsiè,M
Narciso,Rossetti,12/2/1923,Ferentillo,M
Susanna,Grassi,15/12/2017,Ussaramanna,F
Caterina,Longo,24/3/1988,Vado Ligure,F
Corinna,Martino,20/8/1984,San Calogero,F
Prisco,Testa,7/2/1993,Tavernole sul Mella,M
Ivano,Sala,23/5/1987,Satriano di Lucania,M
Anita,Rossetti,2/5/1940,Carpeneto,F
Martina,Fiore,25/1/1939,Domusnovas,F
Tiberio,Neri,23/7/2003,Motta di Livenza,M
Tobia,Moretti,18/4/1939,San Giorgio di Piano,M
Filippo,Gentile,9/9/1949,Roccalbegna,M
Alessandra,Coppola,5/10/1970,Pienza,F
Narciso,Bruno,24/6/2011,Montedoro,M
Casimiro,Martini,19/10/1927,Torralba,M
Duccio,D'amico,4/9/1991,Andretta,M
Viliberto,Greco,12/7/1947,Vellezzo Bellini,M
Sofia,Palmieri,15/12/1980,Cuasso al Monte,F
Dionisio,Giuliani,16/1/1935,Crecchio,M
Ornella,De Angelis,11/11/1961,Padula,F
Ketty,Caruso,3/12/1997,Montanaso Lombardo,F
Narciso,Colombo,13/10/1951,Busso,M
Calogero,Guerra,18/9/1920,Torralba,M
Isidoro,Ruggiero,19/9/1985,Solopaca,M
Piera,Pellegrino,18/3/1928,Fiesse,F
Gaspare,Milani,2/10/1953,Falciano del Massico,M
Salvo,Mancini,15/9/1979,Matera,M
Raffaele,Ferraro,9/9/1990,San Nazzaro,M
Isaia,Caputo,12/2/1926,Cosio Valtellino,M
Mattia,Villa,4/11/2005,Balsorano,M
Luciana,Gatti,15/5/1941,Monterosso al Mare,F
Emiliano,Sanna,4/8/1923,Scurzolengo,M
Alessandra,Orlando,12/7/1941,Moio Alcantara,F
Omero,Rinaldi,14/5/1947,Adrara San Rocco,M
Beatrice,Conte,19/9/1930,Monteroni d'Arbia,F
Fiorella,Lombardi,12/7/2020,Malesco,F
Barbara,Gentile,28/4/1943,Quarna Sopra,F
Roberto,Villa,5/4/1978,Torricella Sicura,M
Luciana,Bianchi,19/1/2017,Andezeno,F
Tiberio,Bianchi,21/12/1927,Girifalco,M
Umberto,Pellegrini,14/6/1973,Africo,M
Giulio,Fiore,17/12/1929,Bieno,M
Greta,Bianco,16/11/1962,Ceresole Alba,F
Velio,Silvestri,27/9/1920,Zogno,M
Evelyn,Costantini,4/6/2011,San Lorenzo Bellizzi,F
Loris,Ferrara,10/4/1946,Montella,M
Noemi,Neri,3/9/2005,Sant'Agata di Militello,F
Elio,Serra,14/7/1973,Muggia,M
Biagio,De Santis,18/4/1974,Anfo,M
Vittorio,Rossi,18/4/2017,Carlino,M
Alessandro,Greco,23/4/1932,Canal San Bovo,M
Gemma,Grassi,19/5/1992,Petrizzi,F
Clarissa,Farina,27/5/1963,Alfonsine,F
Zefiro,Greco,22/12/1978,Luni,M
Isidoro,Damico,26/8/1972,Gergei,M
Angela,Rizzo,3/3/1962,Lombriasco,F
Caterina,Costantini,23/10/2013,Pace del Mela,F
Fabiola,Donati,26/5/1929,Aiello del Friuli,F
Lucia,Sorrentino,20/1/1987,Sedilo,F
Iolanda,Sorrentino,15/12/1963,Girifalco,F
Bastiano,Lombardo,11/10/1938,Tusa,M
Alice,Rinaldi,26/7/2001,Ripacandida,F
Calogera,Conti,13/11/1970,San Pietro a Maida,F
Filippo,Donati,18/6/1967,Porto Torres,M
Ivano,Marino,4/4/1986,Paola,M
Fiorella,Ferretti,14/7/1928,Bisacquino,F
Aurelio,Basile,13/9/1976,Comacchio,M
Giuseppina,Colombo,22/11/1945,Nasino,F
Ennio,Palumbo,24/6/1932,Monte San Savino,M
Martina,De Rosa,11/12/1948,Arezzo,F
Daniele,Cattaneo,22/3/1941,Casalborgone,M
Zetico,Valentini,2/2/2019,Recanati,M
Egidio,Pellegrini,13/4/1957,Pennadomo,M
Serena,Esposito,4/8/1923,Langhirano,F
Nazzareno,Caputo,24/5/1952,Gavorrano,M
Fabiola,Amato,5/4/1961,Salcito,F
Tarso,Ferrara,21/1/2002,Rossano Veneto,M
Amelia,Costantini,1/9/1944,Acquaviva Collecroce,F
Maria,Ferri,1/6/1980,Sagron Mis,F
Gennaro,Martini,11/9/1964,Massanzago,M
Linda,Russo,21/10/1994,Torre di Ruggiero,F
Giovanni,Testa,26/5/1961,Roccasicura,M
Marisa,Marini,14/2/1983,Mazara del Vallo,F
Eva,Martinelli,9/2/2008,Vione,F
Ada,Rinaldi,19/8/1983,Fontanella,F
Simona,Grasso,12/4/1965,Quadri,F
Clarissa,Conte,27/3/1973,Azzano San Paolo,F
Letizia,Giordano,27/12/1925,Gombito,F
Noè,Mariani,24/7/1967,Nughedu Santa Vittoria,M
Martina,Benedetti,18/2/2012,Sarnico,F
Italo,Sartori,22/3/1966,Borgetto,M
Anna,Basile,4/11/1936,Bedero Valcuvia,F
Luigi,Vitali,14/1/1926,Gravedona ed Uniti,M
Narciso,Romano,27/1/1975,Caltagirone,M
Giulia,Rizzi,26/6/2007,Gromo,F
Ulrico,Gallo,7/5/1973,Crema,M
Noemi,Monti,1/4/2006,Sant'Anatolia di Narco,F
Ornella,Longo,13/2/1922,Francavilla Marittima,F
Nunzio,Morelli,27/11/1942,Villamassargia,M
Miriam,Bellini,15/6/2005,Isola del Gran Sasso d'Italia,F
Romolo,Santoro,1/8/1942,Vallelunga Pratameno,M
Alfio,Mariani,11/3/2005,Valbrembo,M
Lorenzo,Valentini,16/2/1959,Terme Vigliatore,M
Riccardo,Moretti,8/5/1976,Casamassima,M
Concetta,De Rosa,21/9/2007,Scafati,F
Raffaella,Milani,10/2/2019,Calimera,F
Iole,Rossetti,26/10/1933,Battaglia Terme,F
Loredana,Guerra,12/2/2007,Dumenza,F
Giorgia,Palmieri,11/1/1995,Castrovillari,F
Biagio,Lombardi,21/10/1992,Cerzeto,M
Cristina,Palmieri,15/1/1988,Carentino,F
Fabiano,Vitali,13/10/1967,Capraia Isola,M
Fedele,Longo,25/1/1957,Taggia,M
Casimiro,De Luca,3/8/1999,Moglia,M
Carmen,Conte,23/4/1968,Daverio,F
Ada,De Santis,10/10/1963,Quarrata,F
Lorenzo,Bianco,24/1/2002,Grantola,M
Bastiano,Marchetti,23/6/1989,Trecchina,M
Nestore,Ferretti,16/2/1925,Vidor,M
Salvatrice,Benedetti,5/7/2002,Vigano San Martino,F
Clarissa,Romano,22/4/1974,Savona,F
Tito,Bianchi,4/8/1931,Duno,M
Miriam,Pellegrino,7/2/1939,Pollone,F
Carlo,Ferri,4/11/1984,Ceccano,M
Beatrice,Costa,25/5/1938,Ariano Irpino,F
Sergio,Rossetti,22/1/1978,Rescaldina,M
Fabrizio,Montanari,22/11/1941,Castello Cabiaglio,M
Virgilio,Mariani,25/1/1929,Lamporo,M
Zefiro,Conte,6/8/1962,Fara Filiorum Petri,M
Calogera,Guerra,26/3/1993,Gambarana,F
Viliberto,Serra,18/5/2016,Salizzole,M
katia,Lombardo,1/7/1923,Senise,F
Gerlanda,Colombo,22/10/1945,Isole Tremiti,F
Alessandra,Lombardo,13/11/1934,San Pio delle Camere,F
Mattia,De Luca,28/1/1932,Corteolona e Genzone,M
Cesare,Ferrari,21/9/1926,Volterra,M
Giorgia,Serra,8/1/2004,Muggia,F
Pasquale,Monti,22/2/1944,Tronzano Vercellese,M
Marzia,Damico,28/2/1958,Belluno,F
Diego,Damico,6/3/2010,Amblar-Don,M
Calogera,Moretti,28/11/1925,Castell'Alfero,F
Teodoro,Bruno,19/3/1929,Acquapendente,M
Federica,Conti,26/11/1948,Gibellina,F
Lorenzo,Sanna,3/8/1937,Ischia di Castro,M
Gabriella,Barbieri,4/2/1943,Pisogne,F
Cosimo,Carbone,5/7/1967,Rignano sull'Arno,M
Giulia,Lombardo,8/4/2014,Molina Aterno,F
Marzia,Palumbo,1/2/1951,Loiano,F
Luigi,Marini,12/5/1945,Brenta,M
Clarissa,Greco,11/12/1987,Sedegliano,F
Letizia,Sartori,20/8/1962,Torriglia,F
Zanobi,D'angelo,20/3/2013,Cremia,M
Carlotta,Carbone,28/9/1928,Sestu,F
Emanuela,Damico,23/3/1952,Cles,F
Tiberio,Battaglia,1/11/1934,Vico del Gargano,M
Simona,Barone,27/2/1940,Canale Monterano,F
Baldassarre,Marini,18/12/1940,Monterchi,M
Erica,Lombardo,23/4/2010,San Giovanni Lupatoto,F
Ketty,Bernardi,18/8/1943,Ornica,F
Anita,Palumbo,25/10/1973,Campodipietra,F
Raffaella,Orlando,16/2/1965,Massimeno,F
Martina,De Luca,4/9/1987,Bracigliano,F
Bartolo,De Rosa,8/4/2013,Castel Morrone,M
Enrico,Caruso,2/9/1925,Villaperuccio,M
Sara,Neri,22/10/2017,Imer,F
Alfio,Romano,27/6/1949,Taurianova,M
Alfonso,Martini,5/3/2004,Paitone,M
Barbara,Grasso,8/10/1993,Brandizzo,F
Michele,Mancini,8/5/1991,Piovene Rocchette,M
Luisa,Costantini,27/2/1983,Villamiroglio,F
Bartolomeo,Costantini,14/1/1967,Maserà di Padova,M
Alessia,Gallo,27/4/2001,Ollastra,F
Sergio,Conte,25/11/1966,San Sebastiano Curone,M
Giorgia,Riva,21/2/1983,Levone,F
Danila,Moretti,27/8/2008,Sandrigo,F
Luca,Santoro,15/8/1987,Santo Stefano d'Aveto,M
Ignazio,Rossetti,6/10/1936,Castelmagno,M
Calogero,Serra,7/3/1931,San Gemini,M
Nunzio,Martino,19/10/2016,Palermiti,M
Piera,Riva,16/5/1981,Bruzolo,F
Claudia,Bianchi,12/9/1986,Talana,F
Dina,Costa,21/8/2004,Granarolo dell'Emilia,F
Aurora,Farina,11/7/1992,Serra Sant'Abbondio,F
Gerlanda,Ferrari,13/8/1988,Arcore,F
Luciano,Bellini,6/12/1936,Acciano,M
Alberto,Russo,12/3/1954,Locatello,M
Alfonso,Fiore,27/4/1974,Pagliara,M
Simona,Coppola,22/8/1964,Medole,F
Evelyn,Gallo,9/7/2016,Neive,F
Alessio,Bellini,16/1/2005,Claino con Osteno,M
Biagio,Ferrari,13/1/1941,Ottati,M
Fabiano,Caputo,8/9/1962,Sarcedo,M
Nico,Guerra,17/11/1931,Visciano,M
Nunzio,Pellegrino,12/6/1955,Casalfiumanese,M
Saverio,Rizzi,28/1/1953,Bevagna,M
Ida,Martinelli,15/4/1935,San Mango d'Aquino,F
Alessio,Sala,12/8/1944,San Donaci,M
Paolo,Pellegrino,25/12/1943,San Marco Argentano,M
Iacopo,Vitale,8/8/1971,Angolo Terme,M
Igor,De Luca,22/10/1946,Mazzarino,M
Denise,Pellegrini,21/2/2003,Foza,F
Giacomo,Vitale,24/2/1987,Aritzo,M
Tarso,Bruno,14/11/1984,Lequile,M
Serena,Russo,20/3/1985,Abbadia San Salvatore,F
Iolanda,Palmieri,21/9/1972,Introd,F
Otello,Damico,26/6/2001,Arsoli,M
Concetta,Bernardi,26/5/1989,Silius,F
katia,Barbieri,10/5/1975,Masserano,F
Francesca,Conti,22/7/2011,Tregnago,F
Paolo,D'angelo,3/10/1969,Camastra,M
Isaia,Rossetti,10/9/1949,Oggiono,M
Fiorella,Barone,1/1/1927,Pumenengo,F
Egidio,Rossetti,12/10/1952,Citerna,M
Pierluigi,Ricci,9/6/1945,Cerreto Laziale,M
Federica,Russo,19/9/1967,Caivano,F
Savino,De Rosa,1/8/1983,Merone,M
Urbano,Grassi,2/4/2000,Mareno di Piave,M
Nada,Farina,28/3/2003,Pesaro,F
Mirco,Costantini,28/9/1947,Buddusò,M
Angelica,Gentile,22/6/1930,Roncello,F
Pio,Martinelli,26/10/1961,Fiorano Modenese,M
Egidio,Vitali,21/3/1925,Carlopoli,M
Marzia,Ferretti,1/9/2003,Oneta,F
Regina,Bruno,17/8/2016,Sandrigo,F
Emanuele,Morelli,9/4/1997,Canazei,M
Martino,Rossi,18/11/1922,San Severo,M
Eva,Benedetti,16/9/1961,Colle Sannita,F
Teodoro,Costantini,17/12/1998,Osimo,M
Igor,Damico,18/2/1972,Frugarolo,M
Carlotta,Gatti,15/1/1931,Brusasco,F
Flavio,Grasso,3/8/1952,Calvizzano,M
Cristina,Milani,8/7/1976,Leivi,F
Fedele,Giuliani,7/11/1958,Moricone,M
Raffaella,Ferrari,1/4/1982,Agropoli,F
Zaccheo,Rizzi,13/5/1952,San Cesario di Lecce,M
Anna,Fontana,27/9/2003,Genivolta,F
Orazio,Sorrentino,26/7/1942,Somaglia,M
Sara,Barone,5/4/1977,Pratiglione,F
Ornella,Barbieri,23/8/1945,Villa Guardia,F
Leandro,Bianchi,23/11/2020,Cerro Maggiore,M
Narciso,Bellini,1/6/2005,Teglio Veneto,M
Teogene,Damico,9/2/1983,Busano,M
Ultimo,Pellegrino,22/3/1996,Ghislarengo,M
Tobia,Lombardi,22/7/1995,Balsorano,M
Regina,Bellini,21/8/1936,Sant'Albano Stura,F
Carmen,Riva,25/6/2010,Cassano delle Murge,F
Gabriella,Gatti,21/11/2003,Alto,F
Valeria,Donati,17/2/1981,Toirano,F
Narciso,Palmieri,24/6/1963,San Martino in Pensilis,M
Gerlando,Costa,17/2/2011,Configni,M
Ugo,Parisi,13/3/1999,Montecosaro,M
Teresa,Grasso,3/3/1955,Castelverde,F
Giuseppina,Rinaldi,9/4/1985,Badalucco,F
Orlando,Marchetti,23/5/1982,Crevalcore,M
Martina,Grasso,13/7/2013,Langosco,F
Tancredi,Valentini,21/5/1969,Tricerro,M
Sebastiano,Morelli,2/9/2012,Foiano della Chiana,M
Fabrizio,Colombo,19/3/1939,Ruffrè-Mendola,M
Diego,Bernardi,8/4/1937,Bordighera,M
Cosimo,Grasso,8/12/1941,Villafranca in Lunigiana,M
Piero,Greco,4/11/1971,Baldichieri d'Asti,M
Ketty,Lombardo,18/9/1924,Ghedi,F
Silvio,Ferraro,5/9/2000,Gizzeria,M
Corinna,Grassi,5/2/1988,Sarzana,F
Gaia,Ferretti,23/1/1929,Volano,F
Flavio,Giuliani,25/12/1995,Scanno,M
Iside,Rossi,13/6/1966,Pont Canavese,F
Clara,Longo,6/6/1977,Praiano,F
Domenico,Grasso,10/6/1972,Isera,M
Lorena,Martino,26/12/1932,Firenzuola,F
Valentino,Silvestri,18/11/1951,Acquanegra sul Chiese,M
Bruno,Rossetti,25/6/1953,Calizzano,M
Teogene,D'amico,16/7/2013,Vado Ligure,M
Cesare,Vitale,24/3/1944,Momo,M
Silvana,De Rosa,16/10/2017,Siano,F
Teogene,Costa,27/8/1975,Tolentino,M
Elena,Cattaneo,18/4/2013,Torviscosa,F
Paola,Conte,24/6/1928,Crova,F
Ida,Conti,6/7/1965,Bastia Umbra,F
Stefania,Lombardo,5/5/1960,Barolo,F
Ubaldo,Galli,26/11/1927,Albidona,M
Antonella,Bianco,17/1/1973,Rovato,F
Domenico,Romano,26/6/1956,Castiglione Falletto,M
Silvana,Esposito,5/3/1988,San Massimo,F
Angela,Monti,4/2/1935,Guardia Piemontese,F
Clelia,Pagano,25/6/2000,Castelspina,F
Elena,Santoro,16/9/1998,Luogosanto,F
Floriana,D'amico,20/8/1952,San Cipriano d'Aversa,F
Matteo,D'angelo,5/9/2004,Vidigulfo,M
Cristina,Sartori,26/7/2001,Gioiosa Marea,F
Dina,Ferri,26/1/1954,Campochiaro,F
Ulisse,Montanari,16/12/2014,Correggio,M
Fabio,Martino,27/5/1959,Spessa,M
Bartolomeo,Rinaldi,14/6/1986,Nibionno,M
Bastiano,Pellegrini,18/12/2002,Somma Vesuviana,M
Dante,Vitale,9/6/1994,Colere,M
Giorgia,D'amico,12/5/1940,Cressa,F
Uberto,Milani,21/4/1962,Oviglio,M
Igor,Caputo,27/10/1969,Ospitaletto,M
Cesare,Sanna,22/3/1972,Lerma,M
Silvana,Palumbo,2/12/1943,Valvarrone,F
Silvio,Donati,10/5/2015,San Pellegrino Terme,M
Corrado,Mariani,12/4/1930,Leggiuno,M
Tiberio,Bernardi,22/7/1958,San Giacomo Filippo,M
Lea,Ferrara,23/1/2010,Castel Vittorio,F
Luisa,Pellegrini,9/2/1967,Gambatesa,F
Maria,Mariani,6/5/1979,Olmedo,F
Lia,Conti,15/3/2014,Tredozio,F
Regina,Ferretti,22/1/1922,Cornaredo,F
Leo,Basile,3/2/1999,Montebello Jonico,M
Marcella,Longo,2/6/1921,Palazzolo Vercellese,F
Sara,Pagano,22/9/1977,Appignano,F
Flavio,Pellegrini,1/12/1987,Piea,M
Luisa,De Santis,14/11/1997,Vallelunga Pratameno,F
Luciana,Giuliani,1/9/1927,San Giuseppe Jato,F
Daniela,Valentini,25/8/1923,Rocca Imperiale,F
Evelyn,Sartori,25/9/1999,Malborghetto Valbruna,F
Ciro,Messina,9/5/1957,Albi,M
Fabio,Marini,3/5/2002,Ardesio,M
Rino,Montanari,14/9/1963,Cupra Marittima,M
Giacomo,Vitali,22/4/1992,Fiamignano,M
Urbano,Amato,18/6/2010,Crucoli,M
Tiziana,Lombardo,11/3/1953,Travacò Siccomario,F
Oscar,Barbieri,15/11/1959,San Fiorano,M
Daniela,Carbone,10/10/1970,Rocca de' Giorgi,F
Carmelo,Serra,17/1/1974,Santena,M
Emilia,Vitale,22/7/1979,Bovezzo,F
Fabrizio,Farina,21/10/1987,Bortigiadas,M
Zenone,Piras,27/9/1951,Sant'Antioco,M
Zaccaria,Conte,22/3/1926,Tregnago,M
Regina,Donati,26/12/1945,Montalto Uffugo,F
Carola,Palmieri,10/2/1937,Selegas,F
Greta,Ruggiero,2/7/1939,Oniferi,F
Teogene,Conti,28/7/1980,Andalo,M
Gennaro,Moretti,2/10/1987,Berzo San Fermo,M
Cinzia,Romano,23/9/1934,Peschiera Borromeo,F
Lucia,Longo,5/7/1939,Pasiano di Pordenone,F
Omar,Romano,18/7/1923,Gavello,M
Paola,Messina,16/5/1930,Monteferrante,F
Valeria,Marino,5/10/1943,Merlara,F
Nestore,Rossi,8/1/1981,Gardone Riviera,M
Nazzareno,Carbone,26/1/1942,Sant'Angelo di Piove di Sacco,M
Alessandro,Mariani,25/2/1969,Ceranesi,M
Zefiro,Villa,8/3/1951,Toirano,M
Laura,Mariani,1/10/1973,Sanzeno,F
Elisa,Monti,22/1/1970,Gambolò,F
Oliviero,De Angelis,12/4/1929,Casagiove,M
Ignazio,Vitali,5/10/1962,Sillavengo,M
Gemma,Piras,26/10/1969,Torricella in Sabina,F
Antonella,De Luca,4/1/1983,Castelverde,F
Concetta,Orlando,25/1/1992,Pontey,F
Amelia,Barbieri,5/4/1953,Busto Garolfo,F
Osvaldo,Bruno,15/12/1938,Cinisello Balsamo,M
Iole,Rossi,1/8/1958,Montecorvino Rovella,F
Claudio,Fontana,24/2/2013,Badia Pavese,M
Iside,Rizzi,5/4/1920,Calvene,F
Enzo,Basile,2/1/1998,Calcio,M
Domenica,Villa,10/7/1994,Parghelia,F
Otello,Rossetti,23/2/1920,Greggio,M
Ulrico,Milani,25/1/1929,Rovello Porro,M
Isacco,Vitali,9/10/2012,Casteltermini,M
Tarso,Giordano,14/2/1947,Cis,M
Alice,Pellegrino,4/2/2000,Orgosolo,F
Gaetano,Sorrentino,25/10/1934,Montemurlo,M
Stefania,Rossi,25/8/2012,Palmas Arborea,F
Danilo,D'angelo,1/11/1994,Cornovecchio,M
Claudia,Greco,15/2/1949,Vilminore di Scalve,F
Luciano,Costa,11/12/1952,Villette,M
Romolo,Montanari,8/8/1962,Caporciano,M
Giovannna,Marchetti,13/1/1982,Caronia,F
Italo,Marino,20/9/1991,Castelnuovo Bormida,M
Pippo,Parisi,1/1/1956,Belvedere Langhe,M
Fortunato,Romano,3/8/1962,Venzone,M
Zenobio,Villa,7/10/1968,Castelliri,M
Betty,Montanari,9/11/2000,Reitano,F
Maria,Marchetti,6/6/1937,Solofra,F
Simona,Sartori,26/12/1922,Cortenova,F
Isaia,Moretti,1/5/1953,Alzate Brianza,M
katia,Bellini,27/9/1948,Teolo,F
Paride,Mazza,25/10/1941,Ponte nelle Alpi,M
Sebastiano,Ricci,14/4/1932,Bagnolo Cremasco,M
Antonio,Morelli,6/11/2003,Comunanza,M
Alessia,Fabbri,5/4/1980,Agordo,F
Domenica,Pellegrini,3/6/1953,Bruzzano Zeffirio,F
Francesca,Fontana,25/6/1993,Fiorenzuola d'Arda,F
Nicola,Grassi,14/5/1995,Fortunago,M
Luisa,Ruggiero,9/1/1982,Castellammare del Golfo,F
Carola,Barbieri,13/6/1989,Villar Perosa,F
Debora,Orlando,5/7/2020,Mombello Monferrato,F
Oscar,Conte,17/3/1977,Trepuzzi,M
Ottavio,Costantini,21/5/1944,Capena,M
Emanuele,Bianchi,11/6/1930,Castrocielo,M
Sebastiano,Caruso,12/12/1988,Fiumefreddo di Sicilia,M
Raimondo,Riva,10/7/1948,Borgo Vercelli,M
Vincenzo,Montanari,1/2/1966,Pieve di Cadore,M
Carmen,Villa,3/10/1946,Fardella,F
Gerlando,Russo,6/7/1983,Bondone,M
Zefiro,Mancini,27/2/2010,Civitaluparella,M
Bastiano,Ricci,8/1/1926,Gasperina,M
Salvo,Fiore,8/8/1947,Garzeno,M
Anna,Farina,26/2/2000,Sandrigo,F
Betty,Galli,25/9/1954,Villa San Giovanni,F
Tito,D'amico,19/5/1930,Serra de' Conti,M
Simona,Fontana,27/1/1995,Visso,F
Eva,Battaglia,1/3/2014,Vetto,F
Luciana,Moretti,1/6/1924,Cazzago Brabbia,F
Taddeo,Giordano,18/6/1976,Poggio Catino,M
Lorenzo,Coppola,6/5/1964,Dovadola,M
Enzo,Ferri,4/4/2004,Sant'Agnello,M
Dorotea,Rossi,9/7/1964,San Nicola Baronia,F
Federica,Carbone,17/5/1931,Baragiano,F
Giovannna,Lombardi,17/11/1955,San Giovanni Gemini,F
Denise,Parisi,15/3/2010,San Gillio,F
Uranio,Greco,10/5/1956,Fanano,M
Zaccheo,Grasso,21/5/1972,Borgo Chiese,M
Noemi,Costantini,23/2/1961,Villongo,F
Bernardo,De Rosa,16/2/1942,Sommo,M
Onofrio,Ferraro,6/11/1990,Sciara,M
Anita,Riva,10/6/1982,Campobello di Mazara,F
Laura,Sanna,22/6/1949,Arcidosso,F
Miriam,Basile,6/4/1957,Bevilacqua,F
Luciana,Pagano,28/9/1970,Mozzate,F
Zefiro,Guerra,3/12/1966,Castel Viscardo,M
Eliseo,Giuliani,20/5/1928,Rotzo,M
Danila,Ricci,5/11/1976,Ghilarza,F
Giancarlo,Fabbri,27/11/1991,Alvignano,M
Ruggero,Grasso,27/12/1984,Barengo,M
Iole,Guerra,25/3/1967,Camporotondo di Fiastrone,F
Dorotea,Sala,27/2/1925,Petralia Sottana,F
Ketty,Lombardo,19/1/1968,Tonco,F
Ulisse,Conte,27/1/1965,Stroppiana,M
Laura,Damico,16/12/1929,Petina,F
Cinzia,D'angelo,19/10/1976,Loreggia,F
Luigi,Martinelli,5/1/2019,Campiglia Cervo,M
Raimondo,Carbone,9/8/1935,Monghidoro,M
Fabiano,Galli,23/10/1958,Valstrona,M
Laura,Marino,8/4/1995,Zeccone,F
Rosella,Neri,1/5/1953,Lisio,F
Cesare,Serra,11/1/1980,Palmoli,M
Rosella,Moretti,19/1/1993,Allerona,F
Luigi,Ferrara,10/4/2015,Villa Santa Maria,M
Paola,Caruso,11/12/2007,Persico Dosimo,F
Casimiro,Bianco,24/10/1992,Colle Brianza,M
Osvaldo,Lombardo,27/4/2014,Fosdinovo,M
Alberto,Benedetti,5/10/2017,Legnano,M
Beatrice,Gallo,11/8/1990,Caprile,F
Elena,Bianco,28/3/1969,Brissago-Valtravaglia,F
Iside,Martino,9/5/1933,Scheggia e Pascelupo,F
Salvo,Gentile,9/11/1949,Pollenza,M
Enrico,Marini,27/10/1961,Lama Mocogno,M
Bartolo,Vitali,24/8/1948,Cabella Ligure,M
Noè,Monti,5/11/1953,Montegrotto Terme,M
Isabella,Riva,27/2/1953,Enego,F
Linda,Rizzi,20/10/1966,Piazza Armerina,F
Lino,Costa,20/11/1959,Alserio,M
Virgilio,Battaglia,23/11/2004,Santa Domenica Talao,M
Alfio,Ferrari,12/10/2018,Lercara Friddi,M
Orlando,Romano,9/12/1996,Besnate,M
Enrico,Parisi,14/3/1982,San Pellegrino Terme,M
Enrico,Giordano,25/11/1937,Ponte,M
Stefania,Bruno,22/8/1985,Collinas,F
Danila,Marchetti,10/10/1998,Aurigo,F
Alfio,Farina,3/11/2017,Burgio,M
Federica,Costa,13/4/1937,San Genesio ed Uniti,F
Mario,Vitali,4/1/1947,Pontremoli,M
Uberto,Giordano,24/8/1964,Tovo di Sant'Agata,M
Salvatrice,Marino,9/9/1959,Pignataro Maggiore,F
Baldassarre,Lombardo,6/10/1928,Castellaro,M
Emanuela,Leone,26/9/1963,Villalvernia,F
Sara,Serra,14/8/1983,Vittorito,F
Biagio,De Santis,12/11/1942,Apice,M
Gabriella,D'angelo,7/12/1932,Rocca d'Evandro,F
Gaia,Vitali,13/7/2020,Luogosanto,F
Giovanni,Ferrari,5/11/1957,Badolato,M
Raffaele,Caruso,11/5/1925,Brienza,M
Agnese,Ruggiero,21/9/1968,Treviso Bresciano,F
Emanuela,Bianco,24/5/1996,Torella dei Lombardi,F
Riccardo,Farina,5/7/1947,Momperone,M
Marzia,Bruno,9/7/1987,Castelbuono,F
Marco,D'angelo,5/5/1976,Spadola,M
Dante,Pagano,18/4/1942,Pressana,M
Narciso,Bernardi,6/1/1989,Bianzone,M
Omero,Bianchi,18/3/1995,Cercemaggiore,M
Corrado,Caputo,5/6/1963,Fara Filiorum Petri,M
Viliberto,Rinaldi,25/12/1943,Ilbono,M
Amedeo,Coppola,10/9/2007,Caravino,M
Danila,Rossi,22/6/1920,Vezzi Portio,F
Omero,Bianco,24/11/2020,Valle dell'Angelo,M
Emanuela,Moretti,9/12/1993,Pieve Santo Stefano,F
Italo,Donati,27/8/2007,Montelepre,M
Rocco,Moretti,28/7/1950,Palagonia,M
Danila,Carbone,8/9/1977,Voltido,F
Adelaide,Rizzo,18/12/1938,Massiola,F
Oscar,Martini,17/6/1991,Alpignano,M
Susanna,Bruno,9/8/1985,Torrice,F
Isidoro,Gatti,1/12/1977,Albera Ligure,M
Alberto,Barbieri,16/7/2016,Vernio,M
Calogera,Battaglia,22/2/1970,Cabiate,F
Danilo,Fiore,2/9/2011,Arzano,M
Mirella,Rinaldi,17/10/1932,Torre di Mosto,F
Cirillo,Benedetti,18/3/1943,Frisanco,M
Giulia,Ferrara,16/11/1940,Frazzanò,F
Serena,Montanari,14/4/1956,Acri,F
Ulrico,Giuliani,27/6/2007,Tornareccio,M
Ezio,Morelli,14/6/1976,Baradili,M
Francesca,De Angelis,10/1/2020,Camino,F
Nicola,Conte,12/12/1994,Tavernerio,M
Egidio,Sala,6/11/2009,Sant'Eufemia a Maiella,M
Elena,Fabbri,7/3/1925,Corzano,F
Carola,Santoro,1/5/2008,Rizziconi,F
Daniela,Ferri,6/5/2019,Trasquera,F
Gennaro,Damico,26/8/1979,Centallo,M
Roberto,Greco,16/5/1976,Dongo,M
Evelyn,Rossetti,15/6/1997,Vita,F
Antonella,Gentile,22/4/1966,Salerano Canavese,F
Agnese,Rossi,2/7/1952,Inverso Pinasca,F
Iolanda,Giuliani,16/5/1992,Acquaviva Picena,F
Stefania,De Santis,10/8/1933,Verderio,F
Elena,Conte,4/5/2002,Fidenza,F
Daniela,Montanari,22/11/1931,Sover,F
Felice,Palmieri,4/7/1947,Castro dei Volsci,M
Pamela,Longo,20/6/1939,Sessa Aurunca,F
Lea,Palumbo,9/6/1958,Crespiatica,F
Tarso,Basile,7/5/2004,Vasia,M
Casimiro,Donati,2/6/1943,Santa Croce del Sannio,M
Enrico,Moretti,14/7/1969,Villanova del Sillaro,M
Susanna,Rinaldi,6/3/1939,Salaparuta,F
Oscar,Fontana,17/3/1984,Marcellinara,M
Pierluigi,Ferrari,8/9/2019,Meana Sardo,M
Bruno,Fiore,21/9/1960,Cotronei,M
Calogera,Vitale,15/12/2000,San Gemini,F
Dina,Ricci,21/12/2001,Mariana Mantovana,F
Lorena,Rizzi,8/1/2012,Montaldo di Mondovì,F
Letizia,Bellini,6/5/1984,Filottrano,F
Giovannna,Costantini,28/4/1953,Rocca San Casciano,F
Mara,Galli,12/11/1976,Vercurago,F
Teresa,Vitali,25/2/2007,Sali Vercellese,F
Diego,Morelli,3/7/1957,Soglio,M
Lucio,Rizzi,22/10/1973,Paliano,M
Nino,Orlando,24/6/1971,Vallelunga Pratameno,M
Clara,Gentile,9/10/2012,Roccascalegna,F
Pippo,Romano,25/6/1966,Forlì,M
Filippo,Giordano,24/10/1975,Rocchetta Palafea,M
Salvatrice,Rinaldi,13/12/1948,Baronissi,F
Piera,Gentile,11/8/1976,Vignole Borbera,F
Gerlanda,Benedetti,27/6/1982,Menfi,F
Alessandra,Rossi,6/10/1970,Pramollo,F
Taddeo,Martinelli,5/12/1986,Scurcola Marsicana,M
Dario,Vitali,6/5/1995,Rasura,M
Greta,Caruso,1/4/1994,Molinara,F
Emilia,Milani,9/1/1936,Rimini,F
Regina,Ferretti,27/9/2016,Santa Luce,F
Giovannna,Ferretti,16/6/1948,San Sebastiano da Po,F
Virgilio,Marino,7/8/1999,Montenero Sabino,M
Ultimo,De Luca,24/5/1960,Treiso,M
Pierluigi,Ferraro,9/7/2017,Adelfia,M
Angelica,Mazza,23/2/1984,Oggiona con Santo Stefano,F
Giovannna,De Rosa,18/10/1971,Nicotera,F
Daniela,Sala,22/8/1969,Masciago Primo,F
Otello,Costantini,20/10/1981,Montecchia di Crosara,M
Ida,Morelli,8/7/1972,Stenico,F
Raffaella,Moretti,14/11/1967,Bedollo,F
Aurelio,De Luca,14/12/2017,Cercivento,M
Debora,Giuliani,20/12/1976,Caiolo,F
Baldo,Amato,21/4/1937,Prignano Cilento,M
Emilia,Grasso,5/3/1968,Borgo San Giovanni,F
Onofrio,Ferrara,5/8/1977,Calice Ligure,M
Massimo,Fiore,13/12/2007,Vacone,M
Velio,Rossetti,16/11/1933,Serramanna,M
Boris,Benedetti,16/9/1933,Sormano,M
Valeria,Marino,15/2/1973,San Donato di Ninea,F
Prisco,Riva,10/2/1992,Mafalda,M
Valentina,Bruno,21/11/1994,Mezzana,F
Tiziano,Silvestri,11/11/1999,Ronchi Valsugana,M
Ezio,Pellegrino,12/9/2017,Colle Santa Lucia,M
Anna,D'angelo,5/9/2013,Solbiate Arno,F
Alice,Pellegrino,13/2/1920,Lucinasco,F
Gabriele,D'amico,22/5/2000,Stalettì,M
Oscar,Gatti,22/3/1964,Torino,M
Gemma,Morelli,15/10/2000,Montegiorgio,F
Federica,Moretti,6/12/1961,Statte,F
Alfio,Carbone,23/9/1971,Piobesi Torinese,M
Isidoro,De Rosa,5/12/1964,Bologna,M
Lia,De Rosa,25/9/2001,Preseglie,F
Lea,Rizzo,28/1/2010,Massimeno,F
Marcello,Mazza,2/12/1947,Serravalle Langhe,M
Enrico,Esposito,9/5/1970,Albaredo Arnaboldi,M
Daniela,Ferri,11/5/1959,Poncarale,F
Ezio,Santoro,26/8/1963,Massa d'Albe,M
Sandro,De Santis,10/8/1943,Torre Pellice,M
Ketty,D'amico,24/5/2000,Fierozzo,F
Greta,Ferretti,10/7/2004,Monselice,F
Silvio,De Luca,4/9/1983,Cannara,M
Martino,Bianco,17/1/1981,Nocera Terinese,M
Clarissa,Ferrari,11/4/1933,Tuoro sul Trasimeno,F
Alfio,Battaglia,5/2/1973,Collarmele,M
Agostino,Ferrari,23/12/1927,Cazzano di Tramigna,M
Bartolomeo,Amato,6/3/2014,Teggiano,M
Nino,Messina,24/9/2000,Cis,M
Gerlanda,Gallo,18/9/2002,Castellino Tanaro,F
Fiorella,Mancini,5/9/1987,Nissoria,F
Claudio,Morelli,2/1/1955,Zagarolo,M
Calogero,Farina,4/7/1975,Aramengo,M
Gerlanda,Montanari,13/11/1923,Briona,F
Romolo,Marini,6/5/2013,Sorisole,M
Fabiano,Montanari,5/4/2015,Pietrapertosa,M
Narciso,Orlando,12/12/1949,Melfi,M
Giuseppe,De Santis,22/7/1934,Dolo,M
Mattia,Pellegrino,9/11/1927,Serrapetrona,M
Marco,Leone,12/1/1998,Calvene,M
